,2005,2005,2005,2005,2006,2006,2006,2006,2007,2007,2007,2007,2008,2008,2008,2008,2009,2009,2009,2009,2010,2010,2010,2010,2011,2011,2011,2011,2012,2012,2012,2012,2013,2013,2013,2013,2014,2014,2014,2014,2015,2015,2015,2015,2016,2016,2016,2016,2017,2017,2017,2017,2018,2018,2018,2018,2019,2019,2019,2019,2020,2020,2020,2020,2021,2021,2021,2021,2022,2022
,Q1,Q2,Q3,Q4,Q1,Q2,Q3,Q4,Q1,Q2,Q3,Q4,Q1,Q2,Q3,Q4,Q1,Q2,Q3,Q4,Q1,Q2,Q3,Q4,Q1,Q2,Q3,Q4,Q1,Q2,Q3,Q4,Q1,Q2,Q3,Q4,Q1,Q2,Q3,Q4,Q1,Q2,Q3,Q4,Q1,Q2,Q3,Q4,Q1,Q2,Q3,Q4,Q1,Q2,Q3,Q4,Q1,Q2,Q3,Q4,Q1,Q2,Q3,Q4,Q1,Q2,Q3,Q4,Q1,Q2
        All industries,27366.0,27609.1,27804.9,28007.2,28263.4,28251.5,28237.7,28403.1,28579.0,28827.1,28904.9,29085.2,28925.0,28967.7,28495.2,27688.3,27008.9,26846.4,26969.4,27131.9,27395.5,27763.4,28068.8,28250.0,28330.1,28383.5,28494.3,28690.7,29091.3,29104.2,29212.6,29483.2,29533.8,29792.1,29919.2,30182.8,30256.7,30614.1,30889.4,31098.9,31196.8,31432.1,31597.5,31634.3,31775.4,31953.7,32145.7,32330.4,32509.2,32573.2,32694.8,33074.7,33270.8,33621.7,33819.6,33843.5,33986.1,34264.1,34458.7,34428.6,34051.3,31163.8,33198.9,33791.8,34510.7,34988.5,35315.8,35653.0,35862.8,36013.3
Private industries,24150.3,24396.2,24579.9,24776.7,24998.4,24990.1,24973.3,25119.6,25291.1,25521.3,25586.4,25748.4,25580.4,25611.7,25115.9,24284.6,23558.7,23354.1,23469.8,23619.9,23890.1,24252.3,24576.8,24776.0,24887.6,24953.2,25090.9,25294.7,25694.6,25714.5,25815.8,26109.5,26176.4,26439.7,26583.3,26870.8,26951.2,27301.2,27550.8,27761.6,27836.7,28051.2,28202.8,28214.2,28332.0,28502.0,28677.9,28862.6,29057.4,29111.4,29232.3,29599.1,29790.8,30118.9,30300.0,30306.9,30437.9,30663.7,30843.3,30792.6,30429.9,27567.6,29613.8,30211.6,30870.1,31341.3,31671.2,32006.8,32207.5,32350.4
"    Agriculture, forestry, fishing, and hunting",458.6,462.4,463.7,466.2,462.4,475.3,461.3,459.7,468.9,459.4,452.0,450.5,453.0,441.6,431.5,444.8,455.6,453.8,468.8,461.0,458.1,466.1,462.8,455.5,452.9,441.8,445.2,455.8,455.8,457.5,448.0,443.0,462.7,478.0,484.1,482.6,487.2,490.0,491.2,496.0,495.7,491.6,502.2,508.3,525.7,521.2,520.8,531.1,537.1,536.0,535.1,533.1,532.8,536.6,531.1,530.9,516.8,518.5,519.8,524.3,548.0,528.3,546.8,550.1,534.9,529.6,525.8,523.2,521.1,516.3
        Farms,400.1,403.0,404.6,406.9,400.5,415.5,405.0,404.4,417.8,409.8,403.3,400.7,402.0,391.3,384.5,396.7,407.3,407.2,420.9,417.5,410.6,418.0,416.5,407.0,407.0,392.1,393.2,403.7,406.6,410.1,402.2,397.7,416.5,431.8,435.5,432.8,433.7,438.2,439.0,443.4,446.2,443.3,450.1,456.5,472.1,475.0,478.1,479.6,485.3,483.5,482.6,479.7,479.8,484.0,482.3,484.4,471.3,475.1,476.6,479.0,501.5,485.6,500.4,500.3,484.8,480.1,474.6,472.6,468.4,464.1
"        Forestry, fishing, and related activities",56.7,57.5,57.3,57.6,59.4,58.1,55.1,54.2,51.2,49.7,48.8,49.8,50.9,50.2,47.0,48.1,48.4,47.0,48.3,44.6,47.8,48.5,46.9,48.7,46.2,49.4,51.8,51.9,49.0,47.4,45.9,45.3,46.1,46.2,48.7,49.9,53.4,51.7,52.1,52.6,49.9,48.8,52.2,51.9,53.6,47.8,45.3,51.8,52.3,53.0,52.9,53.5,53.2,53.1,50.0,48.3,47.2,45.7,45.6,47.2,48.7,45.5,48.6,51.3,51.3,50.6,51.9,51.4,53.2,52.7
    Mining,447.3,458.1,445.1,453.3,479.7,478.4,485.7,486.9,483.9,493.9,483.3,488.1,496.4,515.0,513.3,523.9,525.4,488.4,480.1,476.8,491.4,505.5,519.9,526.0,527.4,550.7,565.2,594.8,612.4,613.0,611.4,617.2,620.0,640.4,658.5,647.1,681.2,730.7,745.4,747.5,729.2,683.8,665.6,630.6,579.2,561.2,568.2,574.8,618.5,622.8,629.7,663.1,683.4,717.5,745.8,740.3,730.4,753.1,776.5,768.8,784.0,601.6,598.6,603.9,607.9,641.1,634.2,644.9,654.8,664.8
        Oil and gas extraction,248.3,249.8,235.7,239.3,246.3,240.0,246.7,247.6,247.5,252.5,244.1,249.2,255.4,266.3,261.2,269.6,286.7,283.9,287.3,286.4,290.4,290.8,300.9,306.4,307.9,323.0,329.6,347.0,354.8,353.6,364.2,378.0,382.3,397.9,411.4,407.5,426.4,455.1,462.6,460.2,449.8,440.9,441.5,433.9,427.6,425.4,423.5,424.3,447.4,444.4,457.9,484.9,498.8,524.6,552.6,552.1,546.4,560.4,582.1,598.8,619.8,506.1,501.2,497.0,484.7,520.9,512.3,523.0,525.4,538.6
"        Mining, except oil and gas",137.3,140.7,139.3,139.3,148.3,149.3,146.3,145.7,141.0,144.5,141.9,141.3,143.2,141.3,140.9,135.2,132.7,125.2,123.7,119.3,119.9,124.5,124.0,124.7,126.8,131.4,131.7,132.1,131.6,127.4,120.5,119.2,117.6,120.2,123.5,120.8,125.0,128.1,127.9,122.1,125.2,121.0,123.0,117.4,112.2,110.0,111.9,112.8,115.6,114.0,110.2,113.2,111.7,113.8,113.6,115.5,112.7,117.6,115.0,110.8,107.9,94.6,99.1,99.1,105.0,101.4,100.4,99.7,103.8,100.9
        Support activities for mining,67.9,74.6,79.1,83.1,96.5,102.3,104.2,104.8,105.1,107.0,108.5,108.5,109.0,116.6,121.7,123.4,106.3,80.2,69.3,70.3,80.6,90.7,95.2,94.9,92.9,96.1,104.0,115.8,126.1,132.0,126.8,119.8,119.4,121.3,122.6,118.1,129.6,146.8,153.2,160.7,148.6,122.4,105.7,89.9,64.7,56.0,59.7,62.8,78.2,84.8,84.9,90.2,98.2,105.8,109.1,103.2,102.0,105.7,111.7,98.8,99.2,51.2,47.6,54.1,59.3,64.0,64.4,65.0,69.3,69.2
    Utilities,444.1,447.6,459.8,445.8,426.5,440.3,441.4,424.8,448.1,454.9,452.3,466.7,488.0,510.4,490.3,475.7,453.5,427.5,417.6,446.4,472.2,480.5,493.5,488.2,470.3,467.0,466.4,457.2,447.1,466.2,468.5,464.1,466.2,477.4,469.0,479.1,481.6,482.4,482.1,498.4,503.0,497.3,484.7,472.6,472.9,491.8,505.9,489.4,471.0,491.8,477.5,486.0,499.5,516.7,503.3,500.7,503.7,503.9,500.3,494.7,484.2,483.9,489.3,492.1,500.3,505.3,495.6,491.9,504.8,513.5
    Construction,1558.7,1567.2,1566.5,1574.6,1586.2,1556.1,1515.4,1468.0,1455.9,1466.0,1452.4,1423.4,1380.9,1368.4,1336.2,1278.6,1210.9,1173.1,1164.1,1107.2,1056.6,1092.8,1074.5,1079.5,1025.2,1050.4,1049.8,1064.1,1076.0,1067.2,1068.4,1086.7,1084.6,1110.8,1148.5,1155.7,1159.2,1181.0,1185.2,1206.5,1226.8,1286.3,1301.2,1305.9,1336.1,1345.1,1359.2,1383.4,1378.6,1380.0,1368.3,1385.9,1384.2,1405.6,1396.8,1363.7,1373.6,1394.3,1416.0,1422.4,1450.8,1395.7,1408.5,1452.6,1475.1,1454.1,1430.5,1402.2,1379.5,1330.1
    Manufacturing,5951.4,5986.7,5976.5,6093.5,6113.6,6094.2,6087.8,6121.9,6183.5,6281.1,6324.8,6320.7,6205.8,6106.3,5849.3,5573.6,5247.0,5113.4,5209.6,5316.4,5387.7,5465.7,5580.0,5576.3,5636.7,5618.8,5669.2,5729.3,5755.5,5768.9,5755.8,5810.6,5874.9,5931.6,5934.5,6007.0,5950.1,5986.5,6017.3,5981.1,5983.6,6012.6,6053.0,6004.4,6015.9,6005.3,6005.7,6014.1,5980.6,5955.0,5958.6,6041.8,6066.7,6090.8,6137.3,6156.4,6149.9,6143.9,6112.3,5966.0,5883.5,5233.8,5739.9,5776.1,5824.3,5742.0,5726.1,5800.4,5807.0,5794.6
        Durable goods,2661.4,2679.4,2699.3,2806.6,2806.0,2792.8,2791.4,2823.0,2849.6,2903.6,2935.3,2947.7,2921.7,2844.9,2734.5,2528.7,2261.5,2174.3,2238.6,2334.4,2374.4,2426.3,2515.6,2528.3,2597.1,2577.7,2631.3,2680.1,2699.5,2717.8,2682.0,2704.5,2744.5,2781.7,2775.8,2826.5,2818.5,2855.9,2916.3,2881.9,2859.5,2879.4,2892.6,2851.2,2823.1,2801.2,2797.6,2816.1,2806.5,2811.3,2827.9,2878.4,2904.6,2906.7,2937.8,2966.5,2941.5,2944.5,2893.5,2814.7,2773.4,2350.4,2714.0,2764.3,2816.6,2787.9,2795.7,2845.2,2865.8,2907.1
            Wood products,111.9,109.8,112.7,122.0,123.5,114.1,111.9,112.0,106.5,107.6,108.0,106.0,99.3,96.1,91.4,82.1,71.3,71.7,72.8,72.0,74.5,74.8,72.5,75.0,73.4,73.8,76.0,78.1,80.0,80.0,81.1,82.1,86.7,84.2,83.4,83.2,80.6,86.8,87.3,87.1,88.9,89.8,93.0,92.7,94.8,93.0,92.9,95.4,97.8,96.3,95.7,99.6,100.3,98.5,99.9,96.8,93.3,92.4,94.8,98.2,98.2,94.6,102.1,105.0,100.4,94.2,95.0,95.6,90.1,90.2
            Nonmetallic mineral products,133.5,132.6,131.5,137.5,143.1,136.1,134.3,137.2,140.9,140.5,136.4,133.2,127.7,125.5,119.8,107.7,95.0,90.9,94.0,91.2,94.0,98.0,97.2,93.9,95.6,94.8,95.0,100.0,98.0,99.9,99.8,100.9,101.9,103.8,104.8,102.9,103.9,107.6,108.2,108.6,108.0,107.4,110.4,110.5,112.6,111.3,110.3,110.7,109.7,109.5,109.2,112.2,109.5,112.6,112.7,112.2,113.3,113.8,114.3,111.3,108.9,105.4,110.3,113.1,112.4,111.3,110.4,111.9,111.1,109.8
            Primary metals,274.3,262.2,264.3,275.4,273.0,265.3,261.1,261.9,269.0,264.4,269.6,292.8,300.8,286.1,278.4,240.7,198.9,185.0,209.6,223.6,240.3,248.8,259.2,257.9,261.7,266.5,268.3,284.1,273.5,270.3,266.5,266.6,273.3,275.1,282.3,283.8,275.7,278.7,281.1,278.5,268.1,261.8,259.9,259.5,256.2,248.0,244.1,247.1,245.3,242.2,245.5,252.7,257.7,258.7,255.0,253.4,249.2,249.4,246.7,238.9,243.0,198.7,214.3,232.9,226.4,214.7,211.0,206.9,208.9,215.0
            Fabricated metal products,347.8,354.0,349.6,365.9,379.1,374.8,368.6,374.3,383.1,391.1,390.9,394.2,397.1,392.9,373.7,347.8,308.8,285.8,291.7,297.3,301.1,309.5,312.6,318.4,326.5,325.1,332.4,341.4,345.6,343.5,342.5,342.5,350.5,349.4,346.2,348.7,350.9,353.3,360.0,358.9,355.6,348.9,346.1,337.5,339.3,337.8,337.3,337.1,331.1,331.5,335.5,343.1,348.0,352.0,352.0,351.0,353.3,351.5,351.1,344.8,343.6,301.3,315.2,323.6,330.0,320.8,316.6,319.0,318.4,312.7
            Machinery,352.4,351.2,357.3,366.1,367.4,374.0,375.4,381.3,372.4,396.8,395.9,391.1,396.8,383.2,378.0,365.5,312.3,294.7,286.8,304.4,313.8,332.3,338.9,350.6,360.1,366.1,386.5,396.7,404.0,410.4,403.1,401.5,403.5,389.3,379.2,391.2,394.0,394.6,407.3,387.7,368.3,366.8,364.5,349.4,342.4,333.4,329.9,335.7,335.7,339.7,343.8,352.4,355.7,365.7,366.8,365.7,365.0,367.6,358.4,343.6,331.1,297.3,314.1,327.1,337.0,347.2,354.1,356.6,359.4,352.9
            Computer and electronic products,288.1,289.9,298.3,310.5,319.8,325.5,331.7,337.7,349.7,360.9,370.5,384.0,387.4,383.3,373.3,356.1,317.2,317.3,329.5,336.8,335.8,341.0,353.5,352.5,352.5,356.4,356.3,356.3,355.1,359.8,350.4,351.7,352.1,355.8,356.0,364.5,358.1,362.2,362.4,351.6,357.3,369.8,365.7,362.9,364.0,369.0,375.2,376.0,374.5,372.6,380.7,389.0,390.2,397.5,399.7,410.5,405.8,411.1,403.0,394.0,410.5,395.9,395.3,414.1,424.5,431.8,433.9,434.0,441.9,445.6
"            Electrical equipment, appliances, and components",137.3,136.4,139.4,141.2,140.1,139.6,137.5,138.0,143.0,142.9,142.2,143.6,140.4,140.5,139.7,128.5,112.3,109.4,109.3,109.4,109.4,112.9,115.9,117.6,118.7,119.2,120.9,121.6,124.4,123.4,122.4,121.2,125.7,124.3,123.2,121.6,123.6,124.3,130.2,128.0,128.1,126.4,126.4,126.4,123.0,122.9,123.9,123.9,123.4,121.6,120.3,122.4,122.9,123.6,123.9,123.6,124.0,124.0,124.5,124.4,122.7,114.1,117.1,120.5,126.9,124.4,124.6,125.2,123.6,122.0
"            Motor vehicles, bodies and trailers, and parts",551.4,565.3,567.2,584.8,573.6,571.7,571.3,570.1,556.1,558.1,560.9,532.0,505.5,466.4,430.0,390.0,338.2,319.2,362.6,409.6,415.8,429.1,472.9,482.5,515.6,492.5,510.9,516.4,512.4,520.9,504.5,517.5,528.2,561.4,564.8,591.7,590.5,610.1,635.3,630.3,632.8,650.7,670.4,659.3,659.6,662.4,665.9,669.8,654.0,661.9,638.1,647.2,664.3,665.7,673.5,690.0,675.0,695.6,674.1,646.6,624.3,424.4,698.9,669.2,686.5,650.6,638.3,681.7,693.4,746.0
            Other transportation equipment,228.0,235.4,233.7,255.1,233.1,235.5,238.0,250.9,271.6,285.4,297.8,300.7,301.6,301.0,287.1,258.6,267.9,265.0,248.4,260.6,260.7,250.9,267.4,256.1,265.8,259.5,263.1,264.5,287.5,287.7,289.9,297.5,292.4,306.0,301.4,307.5,313.3,313.3,316.4,321.0,319.9,324.6,319.8,313.7,298.8,292.5,294.2,299.8,313.4,312.1,332.0,328.0,322.7,299.6,321.9,332.5,333.7,310.2,304.2,298.0,282.0,216.7,231.7,242.2,248.6,271.5,288.8,290.8,300.8,301.6
            Furniture and related products,98.0,98.9,97.6,99.9,100.4,99.1,96.7,96.1,95.5,95.0,95.9,94.3,88.0,86.2,82.8,73.5,65.5,61.5,62.1,59.9,60.6,61.1,59.1,58.6,59.3,58.0,58.2,59.4,63.5,65.8,66.9,66.9,66.7,66.5,66.4,65.8,65.4,65.8,66.9,69.0,68.1,70.7,72.0,71.2,71.3,71.2,70.2,70.0,68.9,68.2,69.3,70.6,71.1,71.2,70.5,69.2,68.1,67.4,65.5,64.8,65.8,62.4,64.1,65.2,66.2,65.4,65.5,64.2,64.3,63.4
            Miscellaneous manufacturing,167.1,169.8,169.9,170.0,170.5,172.4,177.4,175.5,171.2,169.9,174.0,179.2,178.9,184.7,179.5,176.5,171.0,168.0,168.2,166.6,166.9,166.7,165.0,164.1,167.4,164.7,163.4,160.9,155.5,156.3,155.0,155.9,163.2,165.5,168.5,166.0,162.4,158.5,160.3,159.9,162.8,160.1,160.5,165.2,158.0,156.2,150.5,147.2,148.9,151.0,154.0,157.2,158.7,159.0,158.4,160.0,158.6,160.2,155.0,147.6,145.5,141.5,149.6,153.2,160.5,161.4,163.4,167.3,166.6,165.6
        Nondurable goods,3310.9,3327.0,3288.8,3283.7,3307.4,3302.3,3296.9,3294.7,3329.7,3371.1,3381.3,3363.6,3273.0,3253.5,3105.8,3041.6,3005.1,2963.5,2989.9,2992.0,3022.5,3046.8,3067.5,3049.8,3039.3,3041.2,3038.2,3049.5,3056.0,3051.0,3073.8,3106.0,3130.4,3149.9,3158.8,3180.5,3131.6,3130.4,3100.1,3098.2,3124.2,3132.2,3159.7,3154.8,3200.2,3214.4,3219.1,3206.2,3181.2,3148.3,3133.1,3164.7,3162.0,3185.0,3199.6,3187.7,3208.4,3198.4,3222.6,3156.5,3115.7,2912.9,3028.8,3009.5,3002.5,2949.1,2924.7,2948.8,2934.1,2880.3
            Food and beverage and tobacco products,888.5,902.3,906.2,900.7,908.6,913.0,895.5,907.3,895.3,910.4,922.7,915.3,889.3,908.6,902.1,901.2,912.8,906.6,910.7,901.0,908.2,905.2,905.4,892.8,886.5,890.0,882.0,894.3,888.6,904.9,889.8,900.5,901.3,909.6,915.6,918.4,914.2,904.8,897.4,907.3,926.4,935.2,941.6,950.4,959.4,959.6,964.5,963.3,951.6,945.3,934.2,936.4,943.6,947.0,964.2,953.8,955.9,958.9,971.5,961.0,980.5,945.8,994.7,972.1,965.3,934.8,924.2,922.2,911.5,884.7
            Textile mills and textile product mills,96.5,95.1,92.5,92.4,90.2,85.8,83.2,79.9,78.2,76.3,74.2,71.7,68.1,65.5,64.4,56.9,51.5,50.0,51.2,53.8,54.4,54.4,53.7,54.3,54.6,53.3,52.3,51.9,52.2,51.6,51.6,51.5,52.9,52.8,53.7,55.0,54.1,55.0,54.9,54.2,54.0,52.3,52.8,51.3,52.1,51.8,51.2,51.3,50.5,49.4,48.5,48.2,48.3,48.1,48.2,48.1,47.2,46.7,46.8,46.0,45.5,40.3,44.1,46.0,46.1,45.9,45.0,44.7,44.0,43.2
            Apparel and leather and allied products,45.8,45.7,44.0,44.9,46.0,45.8,41.5,40.5,35.9,33.3,31.2,30.0,28.8,30.0,29.0,26.9,26.5,25.7,25.4,25.4,24.5,24.2,24.2,24.8,26.0,26.5,25.7,24.0,21.0,19.4,18.6,18.0,19.4,19.1,19.0,18.8,18.0,18.4,17.8,18.6,17.5,17.3,17.7,17.8,17.7,18.5,17.8,17.6,17.2,16.4,15.9,15.4,15.6,15.3,16.2,16.0,16.3,16.4,16.2,15.8,14.9,13.6,15.5,17.4,18.6,20.1,20.4,21.1,21.0,21.9
            Paper products,204.6,204.5,196.0,199.6,201.3,198.7,195.1,200.0,197.9,202.5,202.7,200.4,198.4,197.0,192.4,178.5,171.5,171.6,173.4,175.7,177.8,175.0,175.1,174.9,176.6,175.3,175.3,176.8,177.3,178.9,180.2,179.5,182.3,179.9,178.4,174.8,173.8,178.4,179.5,177.2,174.8,177.5,175.9,175.3,173.9,172.9,170.6,172.0,171.0,169.5,168.6,174.5,172.9,169.3,168.3,169.2,170.0,171.4,173.7,170.3,166.0,162.5,162.5,166.6,166.3,164.7,160.5,157.5,154.9,147.6
            Printing and related support activities,110.5,107.8,108.2,105.9,104.6,106.9,105.7,105.7,106.7,106.2,106.8,108.7,106.3,103.8,98.8,95.0,89.8,85.0,84.8,83.3,84.5,86.2,84.8,85.6,86.2,84.4,84.0,83.0,81.6,83.4,83.5,83.9,86.0,84.2,83.0,78.4,82.0,81.9,81.6,80.8,80.8,81.4,80.6,81.3,83.3,84.3,85.1,84.7,82.7,80.8,80.8,81.1,81.5,83.4,81.4,81.7,79.2,78.1,79.0,77.6,76.0,66.9,71.2,71.6,71.0,71.0,70.0,70.4,70.1,69.4
            Petroleum and coal products,844.5,867.3,837.5,831.1,835.1,831.0,847.7,835.0,860.5,854.6,864.2,862.0,848.9,839.2,787.9,822.6,843.4,826.0,819.0,804.3,792.2,811.7,807.6,806.8,818.1,818.2,838.7,832.5,834.8,823.4,831.3,844.5,855.4,866.3,870.6,869.5,846.2,847.7,834.1,830.5,831.6,834.0,840.2,840.4,869.1,888.1,898.0,901.9,909.5,910.1,891.6,920.4,914.2,922.7,929.0,928.4,936.2,933.8,929.4,907.7,850.0,662.0,719.0,706.9,757.1,781.4,782.2,798.2,816.5,816.1
            Chemical products,853.6,845.3,842.4,841.5,854.9,856.0,868.5,871.7,901.9,932.4,929.9,926.9,891.8,871.1,808.1,762.8,737.6,723.3,738.2,754.1,776.2,785.9,811.0,803.7,786.2,786.8,776.5,778.0,785.0,775.3,801.1,809.9,811.2,819.4,820.8,845.9,824.1,820.4,808.1,798.3,805.8,801.0,816.2,806.3,818.2,822.3,817.6,802.9,794.7,777.0,785.5,785.4,780.4,789.2,781.8,782.3,796.0,788.0,799.6,775.1,763.3,746.8,751.9,758.5,738.6,717.3,714.6,728.7,716.9,701.0
            Plastics and rubber products,253.2,251.9,250.5,254.9,254.8,253.5,251.1,245.0,248.2,248.6,244.1,243.0,235.6,232.7,219.8,198.4,183.7,183.6,190.9,194.6,201.6,203.6,203.8,205.5,204.7,207.0,203.8,209.3,215.4,214.4,217.7,218.3,221.8,218.8,218.3,220.3,219.4,223.6,225.4,228.6,228.9,229.2,230.5,227.7,229.7,227.7,228.9,230.1,228.4,228.4,230.6,233.7,234.4,239.4,241.1,238.8,238.6,236.5,235.1,231.6,230.6,214.1,225.2,223.5,218.1,207.3,203.5,203.9,201.6,200.1
    Wholesale trade,1336.4,1340.5,1344.0,1389.4,1394.7,1397.5,1408.8,1413.7,1407.0,1454.3,1464.0,1501.1,1525.6,1544.0,1494.2,1344.4,1206.9,1186.7,1221.5,1290.0,1344.3,1413.3,1458.6,1497.9,1544.2,1534.6,1573.5,1616.8,1636.3,1657.1,1660.7,1665.9,1695.5,1695.9,1702.0,1720.9,1721.0,1768.2,1788.3,1792.6,1777.9,1794.5,1796.5,1774.2,1741.1,1769.6,1790.3,1804.8,1832.5,1818.3,1833.9,1879.8,1867.9,1884.7,1897.9,1892.1,1880.9,1864.2,1861.4,1849.4,1842.3,1618.5,1818.2,1870.9,1939.9,1995.6,1995.9,2022.5,2088.9,2077.2
    Retail trade,1404.0,1431.2,1451.3,1417.7,1457.7,1463.8,1438.8,1458.6,1462.4,1440.3,1446.8,1444.8,1423.1,1401.4,1357.9,1252.7,1249.6,1259.5,1283.7,1301.6,1333.0,1358.0,1363.0,1380.9,1375.8,1368.8,1355.3,1374.8,1399.0,1380.4,1410.5,1424.1,1457.2,1455.5,1458.9,1468.8,1474.3,1513.9,1530.2,1532.3,1562.3,1591.4,1602.6,1606.3,1635.4,1651.2,1664.0,1672.9,1683.6,1688.2,1714.5,1747.8,1765.9,1771.3,1786.9,1773.7,1772.4,1779.5,1797.2,1815.6,1786.3,1700.7,1880.1,1876.3,1971.6,1942.7,1893.8,1902.5,1906.4,1919.5
        Motor vehicle and parts dealers,242.8,246.1,243.8,226.0,235.5,231.7,232.1,233.6,233.1,232.5,233.2,231.5,227.1,215.5,195.3,162.0,151.3,149.6,158.3,164.9,181.3,203.9,210.6,215.4,205.4,195.1,191.8,203.1,214.2,219.0,224.9,229.4,235.5,238.5,240.3,242.3,245.9,258.4,264.0,267.4,275.0,284.4,292.1,297.9,311.8,319.4,326.9,327.5,323.2,326.2,331.4,344.0,346.5,346.6,347.6,350.1,347.9,345.6,345.5,343.5,305.4,291.0,306.3,307.5,332.3,311.6,264.0,248.7,261.1,252.9
        Food and beverage stores,214.5,216.2,215.4,212.5,215.9,220.5,219.6,221.9,219.5,214.9,215.9,217.0,215.0,213.4,211.1,205.1,201.1,199.3,203.8,212.0,214.4,217.7,216.4,214.0,212.7,214.5,211.1,212.0,206.9,207.0,208.4,208.4,205.6,208.0,205.1,207.7,208.6,204.8,208.8,208.2,209.6,207.8,207.1,203.3,202.6,202.9,204.6,207.8,209.8,210.8,211.0,214.3,209.5,207.6,208.4,208.9,210.7,212.1,215.9,214.1,225.6,227.4,224.9,225.1,227.2,233.0,234.6,234.1,229.1,224.4
        General merchandise stores,206.9,219.6,223.9,215.6,217.3,216.4,216.8,228.7,232.3,224.2,226.7,230.4,226.9,223.9,224.8,218.4,234.2,234.6,237.7,238.4,240.0,231.4,224.7,225.5,226.4,227.0,224.5,227.5,219.7,210.0,205.7,207.5,214.0,215.0,218.2,217.4,215.5,227.1,228.3,217.2,225.1,227.3,237.2,234.3,231.6,229.3,230.6,229.3,229.8,229.5,237.3,237.2,241.3,244.1,247.9,249.0,234.6,234.1,239.1,245.0,259.4,254.5,272.2,272.4,281.6,271.8,270.3,265.3,255.1,249.1
        Other retail,739.3,749.0,767.7,763.0,787.7,794.2,769.8,774.7,777.8,768.5,770.8,766.3,754.6,749.1,727.4,668.5,665.1,677.8,685.8,688.6,699.3,706.3,712.2,726.5,732.0,733.1,728.7,733.0,758.2,744.3,771.5,778.8,802.2,794.0,795.6,801.6,804.6,824.4,830.0,840.1,853.5,873.3,868.5,873.6,893.0,903.8,906.7,912.5,924.2,925.3,939.0,957.3,974.1,978.8,988.8,972.2,983.9,991.7,1000.7,1017.3,995.7,927.3,1075.7,1070.1,1128.7,1122.5,1124.7,1156.2,1159.5,1193.2
    Transportation and warehousing,915.9,928.0,939.0,938.2,963.2,973.2,972.5,983.9,993.3,1000.7,995.0,1006.5,1009.1,989.5,960.5,946.3,893.8,861.0,874.8,880.9,890.4,912.2,948.7,964.8,970.7,979.5,989.4,1001.3,1006.5,1002.9,997.6,1019.0,1019.1,1028.6,1023.9,1040.1,1052.8,1070.8,1084.1,1111.9,1097.7,1096.3,1109.6,1101.5,1094.2,1103.0,1118.5,1131.2,1145.9,1157.6,1165.6,1159.6,1190.4,1212.2,1221.1,1213.8,1229.1,1233.2,1224.7,1199.3,1162.1,921.2,1052.0,1110.0,1158.7,1187.1,1233.6,1275.9,1276.7,1307.8
        Air transportation,180.7,184.8,187.0,183.1,183.2,187.3,187.4,192.2,193.4,191.5,191.6,198.8,199.3,194.4,186.1,177.0,174.2,175.1,174.4,175.5,172.7,176.3,185.8,198.7,199.5,205.8,206.4,203.4,200.4,195.2,193.1,193.0,196.7,199.8,201.7,201.1,203.0,205.1,204.8,207.8,209.4,210.0,215.0,219.1,216.8,216.4,217.1,218.0,218.8,221.3,237.0,227.7,238.2,234.3,234.5,240.2,248.4,248.6,248.1,242.7,196.0,61.6,107.0,127.3,145.4,183.4,226.8,247.7,241.4,276.1
        Rail transportation,73.2,72.6,71.9,72.4,76.2,75.8,74.7,75.0,76.3,76.6,75.0,75.6,78.0,78.3,78.0,72.9,65.2,61.8,64.9,66.6,72.9,73.8,75.6,77.5,79.0,78.5,78.4,80.8,81.1,78.8,78.8,77.8,79.3,79.0,80.0,81.4,80.9,85.2,85.2,86.6,84.0,81.6,80.7,77.1,74.5,72.6,75.7,77.5,77.8,76.4,74.7,75.4,77.5,78.4,79.2,78.4,77.9,77.4,76.1,72.2,71.8,57.4,65.6,69.3,69.5,71.5,70.9,73.0,73.8,75.6
        Water transportation,37.6,38.6,38.3,39.7,42.4,42.0,42.8,44.1,46.7,50.1,47.8,49.7,51.1,48.9,46.3,47.4,47.2,47.5,47.4,46.2,44.9,47.3,50.9,47.8,48.1,46.8,48.7,51.0,51.6,50.5,48.7,51.7,52.0,50.1,49.6,51.0,51.6,53.2,52.7,53.1,49.8,50.6,50.4,48.6,45.8,48.7,51.9,50.3,51.9,49.7,50.5,49.2,49.7,51.9,52.2,52.1,50.8,52.3,51.8,49.9,46.0,31.2,31.1,34.0,35.4,33.8,34.6,44.7,45.9,48.3
        Truck transportation,301.8,305.9,308.5,309.7,317.2,316.6,312.4,313.2,315.0,317.5,316.2,315.0,312.3,305.2,296.5,293.8,268.0,247.0,256.8,256.8,263.3,273.3,281.4,281.0,283.1,284.6,287.4,294.7,299.5,297.7,294.5,299.4,298.9,302.8,303.8,307.5,311.8,316.6,325.5,341.3,324.8,324.7,334.3,330.4,326.1,327.6,330.6,334.2,345.0,349.3,344.6,350.4,358.9,363.6,358.2,352.2,359.7,362.1,357.4,347.3,364.5,321.6,358.1,363.7,369.7,376.5,381.9,388.9,380.8,376.0
        Transit and ground passenger transportation,47.3,48.0,49.3,50.0,51.3,52.7,53.6,54.6,56.0,55.8,55.2,54.6,53.2,53.8,53.5,51.2,50.5,50.2,50.3,49.4,48.9,46.8,48.2,48.7,48.7,50.3,49.6,51.7,51.3,50.4,51.8,50.5,52.5,53.4,54.1,55.7,58.0,59.1,60.3,61.4,62.4,64.0,62.0,61.9,61.4,62.1,62.5,65.4,65.3,68.7,73.6,72.1,75.3,82.4,88.0,82.1,80.3,81.7,86.4,82.0,72.5,42.0,44.5,55.0,51.9,58.7,67.2,70.1,74.1,76.8
        Pipeline transportation,31.0,32.1,31.9,29.2,30.4,30.7,31.5,29.9,28.3,30.9,30.7,34.0,35.5,35.2,34.9,36.7,32.8,31.5,30.3,31.0,30.9,31.5,33.5,37.0,34.5,35.7,35.2,37.2,35.8,36.4,35.7,37.9,38.1,37.1,35.6,35.6,36.4,37.8,40.7,40.3,40.8,41.9,40.4,39.8,38.6,40.4,40.1,39.8,39.9,40.6,40.8,43.2,44.2,46.2,47.0,46.8,46.2,47.9,47.6,47.1,45.8,41.3,42.6,41.5,48.2,43.7,45.2,44.6,44.3,46.4
        Other transportation and support activities,197.3,197.6,202.7,200.8,206.3,210.1,210.2,213.9,215.8,214.0,214.3,212.7,211.8,203.4,195.2,195.3,186.5,177.2,176.1,177.2,177.1,180.7,185.8,185.7,184.8,183.9,186.5,185.8,185.2,186.7,185.2,191.8,186.2,190.7,189.4,191.8,196.6,194.7,199.4,200.2,204.2,205.2,207.1,205.2,206.5,207.7,209.4,215.8,213.3,213.6,211.3,210.9,216.0,220.6,223.4,223.3,227.4,224.4,218.0,214.0,218.9,215.7,242.1,256.7,267.4,255.9,248.5,252.6,262.6,258.6
        Warehousing and storage,53.8,54.8,56.2,58.6,61.2,63.4,65.1,66.1,66.7,68.4,68.2,70.1,71.6,73.6,73.3,74.4,71.3,72.3,75.5,78.6,80.4,82.9,87.7,89.1,93.4,94.4,97.6,96.8,101.7,107.2,109.7,116.9,115.6,115.7,109.8,116.2,114.6,119.1,115.3,121.1,122.0,117.8,119.6,119.5,124.5,127.4,131.3,129.8,133.9,137.6,133.5,130.3,130.9,134.0,137.6,138.4,138.6,138.9,139.5,144.0,142.7,133.2,147.2,150.5,159.1,160.3,164.4,163.8,161.4,167.2
    Information,1105.3,1116.0,1133.5,1140.1,1161.3,1166.5,1181.4,1198.6,1205.7,1212.7,1218.8,1227.2,1248.6,1261.2,1261.7,1224.8,1206.6,1218.8,1223.1,1249.1,1263.7,1270.1,1288.8,1293.8,1307.1,1330.5,1348.1,1350.7,1365.6,1377.0,1381.6,1406.0,1405.1,1414.5,1445.0,1465.2,1480.1,1500.0,1514.2,1535.8,1550.2,1573.5,1595.1,1648.0,1682.0,1696.0,1720.1,1726.9,1758.4,1768.5,1797.7,1823.6,1864.5,1898.6,1917.7,1927.8,1941.1,1974.4,1994.2,2006.7,1993.5,1940.2,2023.1,2088.5,2178.2,2265.3,2317.5,2362.9,2424.1,2458.4
"        Publishing industries, except internet (includes software)",305.4,310.3,314.2,312.5,317.8,317.4,316.8,317.1,326.3,321.5,318.5,320.8,326.7,321.2,319.7,303.7,291.1,290.7,289.6,295.6,291.2,292.7,296.3,295.0,298.0,299.8,302.7,299.6,294.8,295.5,292.4,302.2,307.6,298.3,306.7,307.7,311.0,316.8,318.0,314.4,316.9,317.2,315.1,322.2,333.6,341.1,349.2,358.9,362.3,366.2,377.2,380.6,387.5,392.2,396.7,405.5,411.1,409.8,414.8,420.9,427.3,420.1,439.2,454.2,484.0,503.1,516.3,526.6,555.9,565.6
        Motion picture and sound recording industries,128.5,126.2,129.5,129.8,129.2,133.2,132.7,134.9,133.5,133.3,135.8,131.9,129.8,131.7,128.1,121.3,126.2,127.8,125.3,128.1,135.2,131.0,131.7,131.4,123.6,133.0,135.6,132.9,131.8,130.9,129.8,134.3,129.7,134.4,139.2,142.5,139.0,138.2,137.6,137.7,140.8,144.3,145.6,151.2,156.3,141.9,147.5,143.6,153.6,142.4,145.9,149.6,156.0,160.6,159.2,154.2,152.7,162.8,167.0,172.1,165.1,128.2,133.4,141.7,147.4,154.4,170.4,187.3,177.2,190.6
        Broadcasting and telecommunications,577.3,584.4,590.9,597.7,611.8,609.4,622.6,631.6,631.8,640.1,644.2,649.2,659.5,669.2,673.4,658.8,648.3,659.8,664.9,677.4,684.8,686.2,693.5,695.6,706.2,711.3,716.9,721.0,729.1,731.5,732.7,739.2,731.8,744.7,757.4,764.5,775.0,785.9,796.3,813.7,815.4,827.0,838.4,867.1,875.5,886.4,889.7,884.9,887.1,891.8,893.4,900.4,913.2,913.9,920.5,913.2,913.6,917.4,918.6,918.6,903.9,899.7,922.0,933.2,941.3,954.5,970.4,976.4,989.0,975.8
"        Data processing, internet publishing, and other information services",95.1,96.3,100.2,101.1,103.5,107.5,110.0,115.5,115.1,118.6,120.9,125.9,133.5,139.8,141.1,141.5,141.4,140.9,143.6,148.4,152.9,160.4,167.5,172.0,179.2,186.6,193.0,197.3,209.9,219.0,226.7,230.4,236.0,237.1,241.8,250.6,255.2,259.1,262.4,270.2,277.3,285.3,296.5,308.1,317.0,327.0,333.8,339.7,355.1,368.1,380.9,392.5,407.0,430.8,440.3,454.0,462.8,483.0,492.0,493.3,495.6,491.9,527.4,557.7,602.9,649.6,656.4,667.7,697.1,720.1
"    Finance, insurance, real estate, rental, and leasing",4551.9,4635.4,4732.7,4734.5,4769.4,4746.3,4753.6,4799.4,4812.7,4863.1,4875.8,4942.5,4838.8,4904.4,4863.1,4731.4,4762.7,4832.3,4754.9,4712.9,4752.9,4792.3,4815.7,4893.0,4912.0,4877.1,4867.2,4872.2,5015.1,5013.3,5084.0,5159.4,5183.2,5217.1,5217.0,5268.1,5303.8,5324.2,5352.4,5395.6,5419.2,5454.0,5457.3,5503.1,5484.0,5515.9,5522.3,5529.1,5570.1,5579.6,5591.1,5625.3,5648.8,5666.9,5673.9,5703.4,5772.9,5811.5,5850.2,5878.6,5840.5,5711.1,5845.1,5912.6,6010.9,6022.2,6118.1,6160.4,6168.9,6170.7
        Finance and insurance,1849.5,1874.3,1944.0,1926.7,1966.6,1960.2,1993.2,2002.2,2006.6,2058.9,2073.8,2133.3,2025.5,2102.9,2080.1,1985.9,2079.0,2154.8,2069.4,1990.6,2000.5,1981.8,2006.5,2066.8,2078.9,2037.2,2022.4,2028.3,2138.6,2118.0,2169.6,2188.6,2206.4,2219.2,2206.7,2241.4,2250.6,2269.2,2280.1,2307.7,2314.7,2336.7,2321.1,2346.1,2313.6,2320.7,2330.3,2326.2,2367.7,2379.3,2381.7,2403.3,2406.2,2395.8,2382.9,2387.5,2394.5,2397.1,2421.4,2444.9,2428.9,2461.5,2495.5,2530.0,2606.6,2570.7,2607.1,2597.4,2570.6,2589.9
"            Federal Reserve banks, credit intermediation, and related activities",684.5,684.7,702.4,699.0,697.9,685.1,698.9,671.3,673.3,682.3,689.3,677.7,658.3,665.4,680.3,705.7,779.6,806.0,784.9,768.0,736.8,710.7,698.6,742.0,729.6,710.7,715.2,717.2,743.2,762.4,768.9,772.2,762.2,761.2,737.8,751.8,738.7,739.9,743.7,734.6,723.7,725.0,731.1,716.5,715.3,711.4,714.0,712.7,713.6,718.6,713.0,707.6,710.1,698.0,693.5,700.9,686.8,684.8,693.1,694.4,690.9,699.7,706.4,718.3,737.3,712.1,709.6,701.4,704.8,712.6
"            Securities, commodity contracts, and investments",427.3,438.1,473.5,456.4,494.4,494.3,510.0,530.4,508.8,536.5,529.8,573.3,484.1,551.1,511.4,416.7,468.0,560.9,512.0,476.4,490.6,482.1,507.6,511.2,508.6,475.9,445.4,441.9,492.0,452.1,484.4,485.5,489.0,482.7,488.2,502.2,491.7,494.8,487.8,490.6,496.8,495.8,483.3,485.6,479.3,486.6,484.5,480.4,490.2,484.7,477.8,483.7,486.7,487.1,479.5,484.9,494.1,504.5,499.9,520.3,498.4,536.0,506.5,539.4,547.1,522.6,527.9,548.7,513.0,541.3
            Insurance carriers and related activities,631.6,645.4,662.5,663.2,667.5,673.3,673.8,690.2,708.1,721.4,733.6,763.4,760.8,766.2,766.9,736.4,707.9,676.4,663.0,641.8,660.2,673.2,682.8,693.4,718.6,728.3,740.7,749.2,787.4,787.0,798.9,812.0,825.5,840.0,845.4,850.9,887.5,905.3,918.5,950.7,956.3,974.4,967.0,1011.6,995.5,1003.7,1014.3,1016.2,1046.6,1061.7,1082.9,1110.5,1108.4,1117.3,1122.0,1120.3,1146.9,1143.1,1164.2,1158.0,1157.3,1132.3,1184.0,1166.7,1216.3,1234.7,1273.5,1244.7,1260.5,1250.1
"            Funds, trusts, and other financial vehicles",100.6,101.3,102.6,103.9,105.7,107.5,110.7,114.6,119.9,123.6,125.7,127.5,129.0,129.1,126.7,125.1,123.0,117.4,112.6,106.8,115.1,117.4,120.2,122.1,123.3,122.9,121.3,119.7,116.2,116.5,117.3,119.0,129.8,135.8,136.1,136.9,134.8,131.8,133.4,136.9,143.4,147.9,146.1,142.1,132.8,129.1,128.3,128.2,130.8,128.9,125.9,123.3,122.1,117.6,113.7,105.9,97.5,95.2,96.7,102.4,113.1,119.0,129.1,131.2,134.9,138.1,138.6,139.3,135.1,124.5
        Real estate and rental and leasing,2706.6,2765.6,2792.7,2812.1,2806.5,2789.7,2763.5,2800.4,2809.3,2806.6,2804.1,2810.3,2816.8,2803.8,2785.1,2746.4,2687.7,2684.4,2688.5,2721.9,2752.3,2809.8,2809.0,2826.6,2833.2,2839.6,2844.4,2843.6,2876.5,2895.3,2914.3,2970.7,2976.8,2997.9,3010.5,3026.6,3053.4,3054.8,3072.3,3087.5,3104.1,3116.7,3136.2,3156.8,3171.2,3196.3,3192.8,3204.0,3202.4,3199.9,3209.0,3221.2,3242.1,3271.9,3293.0,3318.6,3383.0,3420.0,3433.7,3437.9,3415.7,3247.8,3349.1,3381.7,3401.4,3451.3,3511.0,3564.7,3601.7,3583.3
            Real estate,2420.5,2477.4,2503.8,2521.0,2512.6,2495.9,2470.1,2509.3,2524.1,2519.1,2506.6,2503.8,2506.1,2495.6,2483.6,2445.5,2404.3,2422.8,2439.9,2469.7,2486.8,2532.0,2525.7,2544.5,2547.0,2551.4,2554.6,2552.4,2582.8,2598.0,2614.2,2667.2,2672.8,2686.2,2694.8,2704.1,2726.9,2728.7,2742.1,2750.1,2777.1,2794.3,2813.2,2831.8,2842.9,2864.1,2867.5,2872.8,2872.8,2874.7,2877.9,2884.5,2897.0,2919.7,2941.4,2965.9,3027.7,3057.4,3059.3,3061.2,3039.5,2940.8,2999.2,3031.0,3061.5,3091.6,3146.5,3205.3,3231.8,3220.9
                Housing,1544.8,1566.2,1574.7,1579.5,1587.5,1593.0,1597.5,1601.4,1605.8,1615.0,1628.2,1644.8,1664.8,1679.7,1685.5,1683.4,1673.7,1668.2,1673.2,1682.7,1695.6,1708.0,1714.7,1718.4,1720.8,1722.5,1723.3,1723.2,1723.3,1724.5,1727.3,1731.5,1736.4,1739.7,1742.3,1743.3,1743.3,1743.9,1743.9,1745.0,1745.5,1746.5,1748.7,1751.6,1755.0,1757.1,1759.3,1761.6,1763.4,1766.1,1768.0,1770.0,1772.6,1776.4,1780.4,1784.5,1789.3,1795.1,1801.1,1807.2,1813.8,1817.9,1823.5,1830.0,1834.5,1838.8,1842.7,1846.5,1851.2,1856.1
                Other real estate,868.8,902.5,919.2,930.7,915.8,895.6,867.9,901.0,911.0,897.7,873.6,855.7,839.3,815.3,798.2,763.3,732.4,755.6,767.4,787.4,791.8,824.3,811.5,826.5,826.6,829.2,831.5,829.5,859.5,873.4,886.9,935.8,936.5,946.6,952.7,961.1,984.1,985.2,998.7,1005.5,1032.3,1048.8,1065.7,1081.7,1089.5,1108.9,1110.3,1113.2,1111.3,1110.6,1111.9,1116.5,1126.7,1146.2,1164.6,1185.7,1245.1,1270.0,1265.6,1261.1,1231.2,1122.4,1178.1,1204.6,1231.7,1258.8,1312.4,1370.2,1393.0,1376.2
            Rental and leasing services and lessors of intangible assets,286.5,288.3,288.9,291.2,294.1,294.1,293.8,291.2,285.1,287.5,297.8,307.2,311.4,308.9,302.0,301.4,283.7,261.5,248.4,252.1,265.5,277.8,283.3,282.1,286.3,288.2,289.8,291.1,293.7,297.3,300.1,303.5,304.0,311.7,315.7,322.6,326.5,326.2,330.4,337.7,326.9,322.1,322.6,324.6,328.0,332.0,324.4,330.8,329.1,324.2,330.6,336.7,345.8,353.4,352.5,353.3,355.4,363.1,376.3,378.9,378.8,301.4,349.7,350.2,337.4,359.2,363.8,357.4,368.6,360.5
    Professional and business services,2571.0,2593.5,2603.3,2645.0,2667.1,2666.9,2673.4,2718.4,2780.6,2806.5,2812.0,2841.7,2845.7,2871.9,2864.3,2813.4,2679.1,2657.5,2682.1,2696.6,2741.7,2756.3,2795.2,2830.6,2870.3,2899.4,2915.9,2923.5,3009.5,2989.5,2993.0,3044.1,2973.9,3045.3,3075.5,3120.0,3160.1,3205.4,3252.2,3300.0,3305.2,3326.0,3357.7,3343.4,3397.4,3427.2,3476.3,3523.4,3578.7,3610.6,3631.3,3707.7,3737.7,3807.2,3850.9,3877.5,3894.1,3989.2,4061.8,4096.5,4098.2,3761.0,3970.7,4162.1,4256.5,4404.6,4517.5,4622.0,4684.2,4754.6
"        Professional, scientific, and technical services",1507.8,1518.2,1521.6,1548.2,1555.2,1558.3,1565.2,1588.5,1625.9,1634.8,1639.0,1668.0,1671.5,1704.4,1705.3,1678.0,1624.4,1607.7,1619.3,1616.4,1647.6,1646.2,1675.1,1683.8,1703.6,1724.5,1743.7,1757.1,1806.8,1792.4,1764.5,1776.4,1763.8,1789.9,1805.7,1821.7,1823.1,1865.5,1902.0,1914.9,1904.1,1920.4,1941.0,1927.6,1970.4,1969.3,1995.9,2028.7,2056.6,2073.7,2081.1,2119.5,2146.6,2183.5,2184.4,2194.2,2198.2,2272.3,2325.5,2343.3,2378.6,2180.8,2317.8,2411.7,2453.7,2529.8,2597.8,2644.7,2681.5,2716.8
            Legal services,344.3,336.9,326.3,328.5,325.2,333.3,335.3,344.1,347.4,327.5,322.2,329.4,322.4,332.5,325.5,314.2,310.5,310.2,312.5,304.5,311.7,302.4,306.9,301.4,308.8,310.5,306.7,301.6,321.1,307.3,295.5,304.0,285.8,301.8,300.8,305.4,291.6,292.9,304.1,297.4,294.7,301.8,309.3,292.5,307.6,292.1,293.6,303.9,308.2,313.3,299.9,306.9,302.6,304.6,305.6,297.1,296.3,304.2,308.8,302.4,300.5,283.3,284.4,306.3,316.6,301.1,313.8,313.2,317.2,317.7
            Computer systems design and related services,205.5,212.1,215.5,215.1,218.8,219.6,221.9,231.5,236.0,246.7,254.7,258.1,268.9,270.6,273.9,269.2,262.0,268.3,273.2,282.9,293.4,295.0,308.4,315.5,316.2,322.7,330.9,343.8,350.7,355.2,352.6,358.3,361.8,354.0,360.0,364.0,371.2,376.5,388.1,388.1,387.0,385.3,386.9,391.1,402.8,414.9,426.0,426.2,438.7,450.7,455.8,467.9,480.3,497.4,504.5,512.3,497.1,508.6,519.5,526.9,547.4,525.1,531.3,543.7,553.4,581.5,590.5,592.1,602.1,613.6
"            Miscellaneous professional, scientific, and technical services",969.9,979.3,988.5,1014.1,1019.9,1014.6,1017.0,1021.5,1050.9,1066.6,1067.0,1085.7,1084.1,1105.6,1109.7,1097.9,1055.5,1032.0,1036.3,1030.6,1044.0,1049.8,1060.5,1067.2,1079.1,1091.7,1106.3,1111.6,1135.0,1129.9,1116.4,1114.2,1116.5,1134.1,1145.0,1152.4,1161.0,1196.9,1210.5,1230.4,1223.5,1233.9,1245.1,1245.6,1261.3,1265.4,1280.1,1301.5,1313.2,1313.7,1331.1,1350.6,1371.2,1390.5,1383.9,1396.2,1414.5,1469.2,1507.3,1525.9,1545.5,1387.6,1517.9,1574.8,1596.1,1666.5,1711.4,1757.7,1781.1,1806.0
        Management of companies and enterprises,428.1,425.8,430.6,431.5,435.8,438.1,433.7,444.2,463.7,459.9,459.9,460.3,453.7,453.0,452.8,447.3,398.4,408.2,419.8,421.4,420.4,424.9,431.2,443.2,458.2,454.0,445.3,443.8,465.7,464.5,476.3,508.6,481.1,493.6,499.4,503.5,529.1,522.4,532.0,543.6,553.9,554.9,555.2,557.7,556.2,558.4,560.5,567.3,575.2,584.1,596.0,626.9,616.2,617.9,638.8,641.4,663.6,669.0,666.3,674.8,672.6,662.3,672.0,717.4,718.6,743.5,724.0,754.3,756.6,763.1
        Administrative and waste management services,635.7,649.6,651.4,665.2,675.9,670.5,674.4,685.8,691.4,711.8,713.1,713.4,720.5,714.5,706.1,688.1,656.4,641.8,643.2,658.9,673.8,685.2,688.9,703.7,708.5,720.9,726.9,722.6,737.0,732.6,752.2,759.1,729.0,761.8,770.4,794.7,808.2,817.4,818.3,841.5,847.4,850.9,861.6,858.4,870.8,898.9,919.0,926.6,945.7,951.8,953.8,962.1,974.7,1004.8,1027.1,1041.0,1033.3,1048.5,1069.3,1078.0,1047.5,924.0,984.4,1037.7,1086.4,1133.1,1191.6,1220.2,1241.9,1269.2
            Administrative and support services,558.2,570.8,568.9,578.8,589.7,582.9,587.8,599.3,603.1,624.4,625.8,626.0,632.5,626.3,621.2,601.3,576.8,563.6,563.4,575.8,589.8,597.4,601.9,618.5,623.1,637.3,641.3,639.0,652.2,648.6,669.3,676.5,646.6,678.0,686.8,710.3,723.7,730.6,731.9,754.7,764.5,765.6,775.3,771.3,783.1,811.4,830.3,835.6,852.9,859.2,861.2,869.6,880.6,913.3,932.7,945.5,938.1,952.5,973.2,982.9,950.8,837.5,891.6,943.5,990.7,1036.9,1092.4,1117.7,1138.8,1163.8
            Waste management and remediation services,77.4,78.7,82.7,86.9,86.6,88.1,87.0,86.7,88.6,87.4,87.3,87.4,88.0,88.2,84.9,87.1,79.6,78.2,79.9,83.2,84.0,88.0,87.1,85.2,85.5,83.5,85.6,83.6,84.8,84.0,82.9,82.6,82.4,83.7,83.7,84.4,84.5,86.8,86.4,86.9,83.0,85.3,86.4,87.2,87.8,87.5,88.7,91.0,92.9,92.7,92.6,92.5,94.2,91.9,94.7,95.8,95.4,96.2,96.5,95.6,97.0,86.6,92.8,94.5,96.3,97.1,100.3,103.5,104.2,106.6
"    Educational services, health care, and social assistance",1844.2,1855.4,1878.3,1888.3,1904.0,1919.4,1928.6,1940.8,1956.4,1964.6,1982.6,2003.0,2030.2,2044.2,2058.2,2071.4,2088.7,2111.7,2127.6,2125.3,2132.0,2158.8,2189.7,2192.5,2198.2,2213.3,2209.4,2228.2,2261.9,2255.6,2263.2,2283.8,2260.7,2268.4,2282.1,2303.0,2277.3,2306.5,2342.5,2374.2,2387.9,2406.1,2444.7,2453.0,2474.7,2507.2,2506.1,2531.7,2546.8,2541.1,2561.5,2577.4,2586.8,2608.7,2639.5,2636.6,2661.9,2686.4,2693.0,2703.5,2664.6,2369.8,2569.8,2630.0,2620.0,2672.8,2701.2,2721.5,2731.0,2741.4
        Educational services,238.7,238.1,240.2,242.0,245.4,250.6,253.2,260.0,264.9,268.8,271.4,275.5,277.4,280.5,285.9,289.2,292.3,292.8,295.5,298.9,304.1,309.7,310.0,312.7,313.7,315.4,314.4,315.7,312.8,308.5,308.8,308.2,309.3,312.0,313.0,312.3,311.6,312.9,315.2,316.2,317.2,319.4,318.6,321.4,322.4,326.8,324.1,324.5,324.4,325.9,327.8,327.5,326.9,328.2,330.7,329.4,330.3,329.3,330.4,331.4,327.6,287.7,304.7,300.3,308.2,316.4,321.3,325.0,330.3,332.4
        Health care and social assistance,1604.9,1616.6,1637.3,1645.6,1657.9,1668.2,1674.8,1680.4,1691.2,1695.6,1711.0,1727.3,1752.6,1763.6,1772.3,1782.1,1796.4,1818.8,1832.0,1826.4,1828.0,1849.2,1879.7,1879.9,1884.6,1898.0,1895.1,1912.6,1949.1,1947.1,1954.3,1975.6,1951.4,1956.3,1969.1,1990.7,1965.7,1993.6,2027.4,2058.2,2070.9,2086.9,2126.5,2132.0,2152.7,2180.8,2182.6,2207.8,2223.0,2215.8,2234.3,2250.6,2260.6,2281.4,2309.6,2308.1,2332.6,2358.3,2363.8,2373.4,2338.2,2083.3,2266.8,2332.0,2313.5,2358.1,2381.5,2398.2,2402.1,2410.5
            Ambulatory health care services,736.3,741.8,748.4,754.0,756.8,762.4,766.1,768.3,771.5,772.1,776.8,783.2,789.4,797.2,803.6,808.4,805.3,812.5,816.5,811.9,812.6,820.8,835.7,833.0,839.9,844.6,847.8,844.6,862.3,866.1,861.1,885.8,858.5,862.5,867.9,881.6,875.0,887.9,899.1,909.7,915.4,929.0,956.9,954.4,971.3,986.4,981.3,1003.5,1013.4,1017.3,1028.8,1035.5,1047.1,1048.5,1067.0,1067.5,1082.8,1098.9,1102.9,1114.5,1091.5,909.9,1049.7,1091.9,1077.1,1098.7,1112.3,1117.9,1124.8,1134.9
            Hospitals,550.2,552.0,563.5,561.5,568.5,574.4,576.9,579.5,583.2,584.1,590.8,597.5,612.4,613.1,616.2,619.1,635.6,645.9,653.0,652.7,645.5,656.2,669.4,673.1,676.2,680.1,674.9,691.6,707.8,703.3,715.4,710.9,712.7,716.7,718.7,728.0,710.5,723.7,736.7,752.8,761.8,763.5,774.6,780.1,784.1,790.1,794.2,797.1,801.9,795.7,798.3,805.0,809.0,820.0,826.1,820.0,831.7,837.3,837.7,840.5,829.6,783.2,812.8,830.6,834.8,847.9,858.7,865.8,859.9,853.4
            Nursing and residential care facilities,182.0,184.8,186.7,188.8,190.9,190.4,189.6,188.6,191.5,191.9,194.1,195.2,197.4,197.7,195.1,194.5,193.4,197.1,197.7,198.9,199.7,202.5,202.5,206.2,203.5,204.9,205.8,205.2,207.8,208.2,210.1,209.6,210.5,210.1,211.6,214.6,212.0,213.1,217.7,221.1,218.5,220.5,221.5,222.4,221.1,225.5,224.1,225.4,221.2,219.3,223.6,228.0,222.1,224.1,225.1,224.2,226.3,225.4,225.2,226.0,221.5,217.1,211.6,213.2,207.2,212.5,212.0,214.8,218.7,221.2
            Social assistance,136.2,137.8,138.5,141.0,141.5,140.9,142.1,143.8,144.9,147.3,149.3,151.3,153.4,155.4,157.2,160.0,162.0,163.2,164.7,162.9,170.2,169.7,172.0,167.6,165.0,168.3,166.5,171.1,171.3,169.5,167.7,169.3,169.5,167.0,170.9,166.6,168.3,169.1,173.8,174.5,175.1,174.0,173.9,175.4,176.7,179.6,183.3,182.8,187.5,184.9,185.2,183.7,184.6,190.2,193.3,198.3,194.0,199.3,200.7,196.0,198.3,170.0,194.7,199.6,197.4,202.0,201.8,202.8,202.4,205.1
"    Arts, entertainment, recreation, accommodation, and food services",1018.2,1032.4,1035.9,1046.4,1063.0,1061.2,1063.4,1074.6,1074.8,1075.8,1073.5,1075.1,1067.9,1067.3,1056.0,1034.6,1017.4,1007.8,1013.7,1004.5,1009.4,1024.7,1030.0,1037.7,1040.5,1062.7,1071.1,1065.1,1082.1,1090.7,1097.2,1103.7,1107.3,1105.7,1112.6,1139.8,1140.5,1151.3,1166.9,1183.2,1196.5,1213.2,1211.7,1224.6,1230.2,1228.7,1234.1,1258.7,1270.8,1274.0,1280.9,1287.1,1291.5,1325.1,1326.1,1322.3,1333.3,1336.3,1347.2,1353.5,1219.5,694.4,988.5,1001.2,1108.4,1278.4,1375.8,1385.9,1381.9,1443.8
"        Arts, entertainment, and recreation",232.8,235.7,236.8,242.3,247.5,250.0,252.3,258.0,261.6,263.5,266.1,265.8,264.3,264.6,261.8,259.0,253.2,253.0,262.5,256.0,253.8,256.6,252.9,260.2,255.7,263.8,259.6,254.6,259.2,264.3,267.0,267.6,265.6,266.4,269.3,278.1,279.1,275.5,277.6,281.3,284.5,287.0,283.4,287.9,287.5,285.8,287.3,303.3,297.1,303.2,312.9,306.4,308.3,319.1,322.2,319.0,329.4,323.1,324.3,321.2,280.7,133.2,186.5,203.1,236.6,251.5,294.5,305.9,309.9,326.2
"            Performing arts, spectator sports, museums, and related activities",123.3,124.8,126.0,129.4,131.1,132.2,132.3,134.8,137.5,138.0,139.6,139.7,139.8,140.0,139.0,139.3,135.1,138.2,143.3,139.3,136.2,137.1,136.8,141.9,135.7,141.7,141.6,138.9,142.6,144.3,146.1,146.0,144.4,144.8,144.9,154.4,157.4,151.9,151.3,152.8,156.1,159.1,156.2,157.9,156.4,154.9,157.8,166.5,162.5,165.5,173.0,168.2,167.5,180.9,180.7,173.7,182.5,173.7,179.4,183.1,164.5,81.1,96.5,112.8,134.1,137.4,178.6,188.5,194.2,207.8
"            Amusements, gambling, and recreation industries",109.5,110.9,110.8,112.9,116.4,117.8,120.0,123.3,124.2,125.5,126.5,126.1,124.5,124.7,122.8,119.7,118.1,114.8,119.2,116.7,117.6,119.6,116.1,118.2,120.0,122.1,117.9,115.7,116.7,119.9,120.8,121.7,121.2,121.6,124.4,123.6,121.7,123.6,126.3,128.5,128.4,127.9,127.2,130.1,131.1,130.9,129.5,136.8,134.6,137.8,139.9,138.2,140.9,138.1,141.4,145.3,146.7,149.3,144.9,138.1,116.4,52.2,89.8,90.3,102.6,113.8,116.5,118.2,116.6,119.6
        Accommodation and food services,786.3,797.6,799.9,804.8,816.1,811.8,811.6,816.9,813.4,812.4,807.4,809.4,803.7,802.7,794.2,775.6,764.2,754.7,751.0,748.4,755.5,768.0,777.1,777.4,784.9,798.8,811.5,810.4,822.9,826.5,830.3,836.0,841.6,839.3,843.3,861.7,861.4,875.7,889.3,901.8,911.9,926.1,928.2,936.6,942.6,942.8,946.7,955.3,973.6,970.8,968.1,980.6,983.1,1005.9,1004.1,1003.4,1004.2,1013.3,1022.8,1032.1,938.4,561.0,801.7,797.8,871.6,1026.0,1081.0,1080.1,1072.3,1118.0
            Accommodation,206.1,206.2,207.4,210.4,214.1,212.6,209.1,209.6,209.8,208.3,204.7,207.6,206.7,209.3,206.7,200.9,194.0,189.9,191.0,190.6,190.3,195.2,198.9,196.0,198.8,204.0,208.6,206.6,207.4,215.4,217.2,219.7,218.1,219.1,221.2,226.6,228.3,230.4,234.7,236.5,240.3,241.4,241.5,242.4,244.7,245.4,246.9,248.1,255.5,252.3,252.3,253.0,247.6,263.3,255.3,262.5,260.7,261.4,260.2,251.0,206.3,84.8,157.0,153.6,168.1,222.3,246.3,243.7,234.9,238.6
            Food services and drinking places,579.9,591.2,592.4,594.2,601.6,598.9,602.4,607.3,603.4,604.0,602.9,601.8,596.9,593.2,587.4,574.6,570.2,564.9,560.0,557.8,565.2,572.9,578.2,581.4,586.0,594.9,602.9,603.9,615.5,611.0,613.0,616.3,623.5,620.3,622.1,635.1,633.0,645.4,654.7,665.3,671.6,684.7,686.7,694.2,697.9,697.4,699.8,707.2,718.1,718.5,715.8,727.5,735.4,742.6,748.7,740.9,743.7,752.1,762.6,780.6,730.6,472.6,643.2,642.0,700.9,803.1,835.0,836.3,836.9,878.7
"    Other services, except government",610.2,604.3,601.8,604.8,606.8,610.3,614.7,622.0,610.5,601.5,606.5,604.3,608.8,612.3,603.2,587.4,570.7,555.8,550.0,554.5,558.4,560.1,561.7,562.0,560.2,560.3,565.4,559.9,571.6,575.2,575.8,582.5,566.5,570.3,571.0,573.1,579.1,587.5,597.9,604.4,596.4,604.1,599.4,601.3,609.1,610.7,618.0,621.6,620.7,621.6,623.0,626.7,623.9,634.9,638.7,636.1,631.1,632.0,645.0,653.8,634.2,520.6,590.2,590.4,577.9,595.8,599.7,599.8,603.0,598.2
Government,3211.9,3207.5,3219.3,3223.8,3258.7,3254.7,3257.9,3277.1,3280.8,3298.4,3311.1,3329.4,3338.1,3349.5,3375.2,3402.2,3449.7,3491.8,3499.0,3511.3,3504.9,3510.9,3491.8,3474.1,3442.5,3430.5,3403.4,3396.1,3396.6,3389.7,3396.7,3373.8,3357.6,3352.8,3336.6,3313.4,3307.3,3315.0,3340.9,3340.0,3362.6,3383.5,3397.6,3422.5,3445.4,3453.9,3470.2,3470.8,3455.9,3466.0,3466.9,3480.8,3486.0,3509.5,3526.2,3542.8,3554.3,3605.8,3621.2,3641.1,3625.3,3585.2,3586.4,3585.3,3646.2,3654.3,3653.1,3655.6,3665.3,3673.0
    Federal,1013.7,1007.3,1015.8,1016.6,1039.9,1028.5,1022.3,1030.5,1024.8,1033.9,1042.8,1058.8,1077.3,1089.5,1103.0,1111.1,1128.8,1151.7,1154.9,1173.1,1183.0,1197.5,1193.9,1187.3,1169.0,1166.8,1154.6,1149.0,1153.3,1145.1,1149.7,1127.2,1105.2,1098.5,1081.8,1059.9,1068.0,1059.0,1072.2,1054.0,1061.2,1059.1,1055.2,1061.3,1064.6,1062.5,1069.0,1066.8,1057.5,1060.1,1056.8,1065.4,1069.6,1077.7,1087.1,1089.5,1085.5,1119.4,1123.4,1126.4,1131.1,1211.2,1168.4,1173.2,1235.5,1213.4,1181.2,1185.3,1176.1,1183.2
        General government,901.4,894.8,902.4,904.2,924.7,913.4,907.3,914.9,908.1,918.1,928.0,943.7,960.8,975.3,990.1,1000.7,1020.6,1045.3,1053.2,1070.2,1082.7,1096.8,1093.7,1088.5,1073.8,1072.1,1059.6,1054.2,1057.0,1047.7,1052.0,1030.1,1011.6,1006.5,988.0,970.9,978.7,969.3,982.2,964.4,971.9,970.9,968.1,974.0,977.2,970.6,979.6,977.9,970.1,973.5,971.2,979.4,983.0,991.9,1002.1,1004.0,1001.3,1035.7,1039.8,1044.0,1050.7,1131.9,1086.1,1090.9,1152.6,1131.5,1101.7,1107.7,1096.1,1101.1
            National defense,586.6,585.4,587.9,583.2,597.8,591.8,582.3,596.6,590.9,599.0,605.2,615.6,627.4,632.1,647.7,657.7,662.9,678.9,684.4,694.4,699.7,704.2,705.0,706.7,697.9,702.6,693.5,688.5,687.1,676.8,681.3,660.0,645.6,643.6,627.0,617.7,618.1,609.5,620.3,600.1,602.7,599.4,594.3,597.7,598.0,590.7,600.2,600.0,594.2,600.4,597.0,602.6,602.4,611.0,620.2,625.9,630.6,646.1,648.6,650.7,656.3,653.4,653.5,666.8,653.6,649.6,641.8,631.9,620.7,625.1
            Nondefense,314.8,309.4,314.4,321.0,326.9,321.6,325.0,318.2,317.2,319.1,322.8,328.1,333.4,343.2,342.4,342.9,357.7,366.4,368.8,375.8,382.9,392.6,388.7,381.9,375.9,369.5,366.1,365.8,369.9,370.8,370.7,370.1,366.0,362.9,361.0,353.1,360.5,359.6,361.8,363.9,368.8,371.0,373.4,375.7,378.7,379.3,378.9,377.4,375.4,372.8,373.7,376.4,380.1,380.4,381.6,378.0,371.0,389.5,391.1,393.2,394.4,476.0,431.5,423.4,496.1,479.5,457.9,473.2,472.6,473.3
        Government enterprises,113.2,113.4,114.4,113.4,116.2,116.2,116.1,116.7,117.9,116.8,115.7,116.0,117.3,114.8,113.4,110.6,108.3,106.4,101.7,102.8,100.3,100.7,100.2,98.7,95.2,94.7,94.9,94.8,96.3,97.4,97.8,97.1,93.6,92.0,93.7,89.0,89.3,89.7,90.0,89.6,89.4,88.2,87.1,87.4,87.5,91.9,89.4,88.9,87.4,86.6,85.7,86.0,86.6,85.8,85.0,85.4,84.2,83.6,83.5,82.2,80.2,78.8,81.9,82.0,82.5,81.5,79.1,77.2,79.6,81.6
    State and local,2199.5,2201.8,2204.9,2208.6,2219.7,2227.5,2237.2,2248.0,2257.7,2266.1,2269.7,2271.8,2261.6,2260.7,2272.9,2291.8,2321.6,2340.6,2344.6,2338.4,2322.0,2313.3,2297.8,2286.6,2273.4,2263.6,2248.8,2247.1,2243.3,2244.7,2247.0,2246.7,2252.2,2254.1,2254.2,2252.6,2238.7,2255.1,2267.9,2284.8,2300.1,2323.0,2340.7,2359.5,2379.0,2389.6,2399.4,2402.1,2396.4,2403.9,2408.0,2413.5,2414.5,2429.9,2437.3,2451.4,2466.7,2484.7,2496.1,2512.9,2492.6,2375.8,2418.3,2412.7,2413.5,2442.5,2471.6,2470.3,2488.2,2489.3
        General government,1961.7,1963.1,1969.7,1971.1,1975.8,1981.5,1992.2,2001.2,2011.4,2017.8,2019.1,2018.6,2009.9,2009.5,2019.0,2031.8,2054.5,2066.8,2065.9,2061.5,2044.4,2030.6,2012.5,2001.1,1988.2,1977.7,1963.9,1955.7,1950.1,1946.9,1946.1,1945.2,1950.6,1954.5,1955.0,1955.8,1952.8,1958.6,1966.3,1981.7,1999.4,2016.1,2032.7,2046.6,2063.4,2075.2,2086.7,2089.9,2088.7,2089.4,2092.2,2095.3,2098.5,2107.5,2118.9,2132.1,2148.0,2163.8,2179.2,2192.1,2181.7,2110.2,2135.9,2127.3,2135.0,2147.3,2173.5,2173.7,2182.5,2191.2
        Government enterprises,238.8,239.7,236.3,238.5,244.7,246.9,246.0,247.8,247.2,249.2,251.5,254.0,252.5,252.1,254.7,260.8,267.8,274.4,279.2,277.5,278.1,283.1,285.5,285.8,285.5,286.1,285.1,291.4,293.1,297.8,300.9,301.5,301.6,299.6,299.2,296.9,286.2,296.5,301.5,303.0,300.7,306.8,308.0,312.9,315.6,314.4,312.7,312.3,307.8,314.5,315.8,318.2,316.0,322.4,318.4,319.4,318.8,321.0,317.1,321.1,311.4,265.9,282.8,285.8,279.2,295.4,298.4,297.0,305.8,298.6
Not allocated by industry1,-118.0,-112.8,-85.9,-75.2,-75.0,-83.4,-78.5,-72.2,-73.4,-66.6,-65.2,-58.8,-50.9,-38.0,-34.6,-26.4,-52.2,-42.5,-34.3,-18.2,-13.5,-15.1,-11.0,-7.0,-7.1,-3.4,-1.6,0.5,0.2,-0.1,0.3,-0.4,0.3,0.4,-0.7,-1.4,-2.2,-1.1,-1.0,2.8,7.5,17.5,13.8,15.1,3.9,-2.4,-4.8,-0.5,-10.3,-8.7,-13.8,-38.1,-46.2,-60.3,-77.6,-82.4,-79.4,-84.2,-88.4,-78.8,-83.6,59.4,46.4,55.5,52.3,2.3,-12.1,-35.2,-63.1,-90.5
    Addenda:,,,,,,,,,,,,,,,,,,,,,,,,,,,,,,,,,,,,,,,,,,,,,,,,,,,,,,,,,,,,,,,,,,,,,,
Private goods-producing industries2,8412.9,8471.2,8447.4,8583.0,8642.1,8599.5,8547.8,8531.9,8584.8,8694.8,8705.0,8674.2,8528.7,8432.0,8134.9,7827.0,7441.0,7231.4,7322.5,7357.7,7387.3,7523.9,7631.1,7632.6,7637.7,7659.6,7728.5,7844.3,7900.0,7906.8,7883.6,7956.8,8041.5,8160.7,8227.0,8293.5,8280.8,8393.5,8442.8,8433.6,8439.4,8493.2,8545.0,8480.5,8507.7,8490.2,8511.6,8562.3,8563.3,8541.6,8535.7,8664.8,8704.5,8786.3,8842.3,8817.9,8803.9,8842.1,8854.9,8712.4,8693.6,7841.9,8372.8,8466.5,8527.6,8442.9,8390.1,8437.3,8424.3,8359.5
Private services-producing industries3,15789.5,15974.9,16175.0,16241.6,16402.9,16434.5,16466.4,16624.1,16743.3,16866.0,16919.1,17105.5,17076.6,17203.0,17006.7,16482.7,16131.0,16121.4,16151.5,16265.6,16502.6,16729.6,16947.4,17142.7,17249.5,17293.8,17362.5,17449.9,17794.7,17807.8,17932.0,18152.4,18134.9,18279.0,18356.8,18578.1,18670.6,18908.4,19107.7,19324.7,19392.3,19551.6,19652.1,19721.0,19810.9,19989.1,20139.6,20273.0,20459.7,20530.8,20652.7,20892.3,21042.2,21286.8,21412.1,21440.9,21580.7,21764.9,21926.4,22002.4,21670.7,19660.9,21163.8,21655.6,22235.7,22770.0,23141.9,23427.0,23638.7,23848.0
Information-communications-technology-producing industries 4,---,---,---,---,---,---,---,---,---,---,---,---,---,---,---,---,---,---,---,---,---,---,---,---,---,---,---,---,---,---,---,---,---,---,---,---,---,---,---,---,---,---,---,---,---,---,---,---,---,---,---,---,---,---,---,---,---,---,---,---,---,---,---,---,---,---,---,---,---,---
